181b3af8	akamai.png
83a5f565	beacon/dommonster/dom-monster/assets/dom-monster.png
035e728e	beacon/dommonster/dom-monster/assets/jsrocks.png
ccad7d71	beacon/dommonster/dom-monster/src/dommonster.js
bff5aee7	clock.png
3b1d6b9b	collecting.gif
3479c411	details/compare.js
3ac7173b	details/details.js
03f08951	details/showslow.flot.js
3644d065	details/timeplot.js
65baaa63	favicon.ico
e6e1722c	flot/excanvas.js
60cd50f8	flot/excanvas.min.js
68b689f0	flot/jquery.colorhelpers.js
7645d629	flot/jquery.flot.crosshair.js
2544177b	flot/jquery.flot.fillbetween.js
66214e82	flot/jquery.flot.image.js
786f1c57	flot/jquery.flot.js
b602a729	flot/jquery.flot.navigate.js
4550623f	flot/jquery.flot.pie.js
a652a145	flot/jquery.flot.resize.js
cff7e7f0	flot/jquery.flot.selection.js
02750cab	flot/jquery.flot.stack.js
9c215443	flot/jquery.flot.symbol.js
a2743b37	flot/jquery.flot.threshold.js
711bcde9	flot/jquery.js
f71f530d	follow.png
f7fd480a	img/header-bg-fade.png
65addd93	img/logo-shadow.png
69d086c2	img/pagespeed-20h.png
47de9f6b	img/stripe-error.png
7f9123ce	img/stripe-message.png
d35c5bd1	img/stripe.png
c9f842d7	img/stripe-success.png
1f2afc62	img/webpagetest-12h.png
0956d871	img/webpagetest-20h.png
7fbd0300	info.png
0fda1e96	progressbar.gif
b05ec3a9	screenshots/showslow_details.png
7cffc283	screenshots/showslow_details_small.png
28fff60d	screenshots/showslow_home.png
bac5e6c3	screenshots/showslow_home_small.png
1a72b8cd	showslow_110.png
05de4c8b	showslow_icon.png
f8d3e20a	showslow_iphone_icon.png
4cedb4e6	shsl_blz_mobile.png
